epoch,train_loss,train_acc,val_loss,val_acc
1,0.464162485013078,0.7706447881327099,0.38088478210946203,0.8213629603709212
2,0.394981833602014,0.8161192172721176,0.3297855532647884,0.8541684891960458
3,0.37155248320099155,0.827560731401464,0.30697713410474475,0.8631790744466801
4,0.3554992658480021,0.836474808254999,0.3200169786742519,0.8592424109876651
5,0.34351609864220184,0.84128665999164,0.2731702680914699,0.8782258770011373
