epoch,loss,accuracy,learning_rate
1,0.2449273464382703,89.69680473602862,9.755282581475769e-05
2,0.13042296568096928,95.08024613350702,9.045084971874738e-05
3,0.07187280459114381,97.49006036686724,7.938926261462366e-05
4,0.04215513295380674,98.62351877594269,6.545084971874738e-05
